Name,Email,Phone
Reynaldo Liu,reynaldoliu@helpinghands.cm,+1 6514099972
Irvin Lawrence,irvinlawrence@helpinghands.cm,+1 5305391577
Rachael Hull,rachaelhull@helpinghands.cm,+1 8508764005
Anahi Crawford,anahicrawford@helpinghands.cm,+1 5407924152
Lilianna Spencer,liliannaspencer@helpinghands.cm,+1 7197455419
Marvin Compton,marvincompton@helpinghands.cm,+1 3344633098
Garrett Stephenson,garrettstephenson@helpinghands.cm,+1 3605153464
Allan Marsh,allanmarsh@helpinghands.cm,+1 3158190716
Nasir Kerr,nasirkerr@helpinghands.cm,+1 9153485442
Davion Patton,davionpatton@helpinghands.cm,+1 8453793534
Mercedes Cantu,mercedescantu@helpinghands.cm,+1 3195004480
Jamal Fitzpatrick,jamalfitzpatrick@helpinghands.cm,+1 7404956987
Madeleine Shaffer,madeleineshaffer@helpinghands.cm,+1 9384440065
Savanah Lewis,savanahlewis@helpinghands.cm,+1 3186121602
Frederick Young,frederickyoung@helpinghands.cm,+1 3375091722
Shyanne Franco,shyannefranco@helpinghands.cm,+1 8316100281
Dalton Richard,daltonrichard@helpinghands.cm,+1 3344630807
Izayah Hatfield,izayahhatfield@helpinghands.cm,+1 7408472411
Gavyn Fuentes,gavynfuentes@helpinghands.cm,+1 5632782538
Estrella Ali,estrellaali@helpinghands.cm,+1 8508205886
Zariah Willis,zariahwillis@helpinghands.cm,+1 3252307894
Corbin Nunez,corbinnunez@helpinghands.cm,+1 3187685628
Keon Zuniga,keonzuniga@helpinghands.cm,+1 5074805907
Kelsey Herring,kelseyherring@helpinghands.cm,+1 5155176585
Lexi Ware,lexiware@helpinghands.cm,+1 9844005081
Kenya Miranda,kenyamiranda@helpinghands.cm,+1 8289444591
Jerimiah Frank,jerimiahfrank@helpinghands.cm,+1 2397587883
Paityn Garcia,paityngarcia@helpinghands.cm,+1 4092152827
Baringong john,baringongjohn@helpinghands.cm,+1 8126083766
